Model,W-Prec,W-Rec,W-F1,M-Prec,M-Rec,M-F1,Acc,Training Time (s)
BERT Binary,0.8450446129207451,0.844900105152471,0.8449440700100072,0.8443614852889046,0.8447521728474199,0.8445284022660299,0.844900105152471,443.1694540977478
GPT-2 Binary,0.8241097166481801,0.7933753943217665,0.7905097780450955,0.8184222263956054,0.8008582705720436,0.7915703620051446,0.7933753943217665,526.93181848526
DeBERTa Binary,0.8288512569052303,0.8070452155625657,0.8054346347385373,0.823984672571245,0.8131850277864958,0.8061535205999062,0.8070452155625657,703.6702215671539
BERT Multiclass,0.7604728011378983,0.7202944269190326,0.73139714383624,0.6905540338483844,0.7225988047271954,0.6924604991018312,0.7202944269190326,539.2354345321655
GPT-2 Multiclass,0.7183948449279143,0.7129337539432177,0.7109738517406703,0.6688061444064063,0.6664610520943042,0.6624397434584495,0.7129337539432177,529.6869606971741
DeBERTa Multiclass,0.723917150584497,0.7155625657202944,0.7126970308547459,0.6938840813117253,0.6850302223147045,0.6793197725339974,0.7155625657202944,947.8831307888031
